time_ms,radial_displacement
2.9625000000000004,151.95143357321814
2.9750101957585646,151.95143357321814
2.9875203915171293,151.95143357321814
3.0000305872756936,151.95143357321814
3.0125407830342583,151.95143357321814
3.0250509787928226,151.95143357321814
3.037561174551387,151.95143357321814
3.0500713703099516,151.95143357321814
3.062581566068516,151.95143357321814
3.07509176182708,151.95143357321814
3.087601957585645,151.95143357321814
3.100112153344209,153.9607631138649
3.112622349102774,149.42309410478154
3.125132544861338,149.42309410478154
3.1376427406199023,149.42309410478154
3.150152936378467,149.42309410478154
3.1626631321370313,149.42309410478154
3.1751733278955956,149.42309410478154
3.1876835236541603,149.42309410478154
3.2001937194127246,149.42309410478154
3.2127039151712893,149.42309410478154
3.2252141109298536,149.42309410478154
3.237724306688418,149.42309410478154
3.2502345024469825,149.42309410478154
3.262744698205547,149.42309410478154
3.275254893964111,149.42309410478154
3.287765089722676,149.42309410478154
3.30027528548124,149.42309410478154
3.3127854812398048,149.42309410478154
3.325295676998369,149.42309410478154
3.3378058727569333,150.51700199772213
3.350316068515498,150.51700199772213
3.3628262642740623,150.51700199772213
3.375336460032627,150.51700199772213
3.3878466557911913,36.704267574884355
3.4003568515497555,44.737803799658955
3.4128670473083202,30.190288924200043
3.4253772430668845,40.70704145698168
3.437887438825449,28.90122205142677
3.4503976345840135,28.836788671117194
3.4629078303425778,22.81389214191177
3.475418026101142,22.689539539701393
3.4879282218597067,20.534827982457962
3.500438417618271,21.053292384204532
3.5129486133768357,19.32553699843125
3.5254588091354,20.380571814844146
3.5379690048939647,13.673159894945629
3.550479200652529,11.031040563981525
3.5629893964110932,11.337291050696575
3.575499592169658,10.474116324161907
3.5880097879282222,11.789403990455002
3.6005199836867865,12.067975001451764
3.613030179445351,13.309798670151846
3.6255403752039155,13.747802946446248
3.6380505709624797,13.163128257115405
3.6505607667210445,11.7615096735691
3.6630709624796087,11.724054921138174
3.675581158238173,11.647931762812737
3.6880913539967377,11.487459111877296
3.700601549755302,10.031670383560055
3.7131117455138667,10.056835740346044
3.725621941272431,9.668813996165689
3.7381321370309957,10.085839362277355
3.75064233278956,10.018692845443644
3.763152528548124,10.229263338281623
3.775662724306689,10.435238786506572
3.788172920065253,10.704054759283242
3.8006831158238175,10.398782310328459
3.813193311582382,9.18384415342297
3.8257035073409464,9.647777587810461
3.8382137030995107,10.941637247551327
3.8507238988580754,10.985369730477345
3.8632340946166397,11.268553146725818
3.8757442903752044,10.952787729610968
3.8882544861337687,12.398372470303775
3.9007646818923334,12.375691949444386
3.9132748776508977,12.39124418098076
3.925785073409462,10.695489772975765
3.9382952691680266,11.327733573968437
3.950805464926591,12.495998604411506
3.963315660685155,12.91244741533606
3.97582585644372,11.588711962231995
3.988336052202284,12.631088221763322
4.000846247960848,12.544993062995523
4.013356443719413,12.224951843026759
4.025866639477977,11.34807452808878
4.038376835236542,12.431165640983007
4.050887030995106,12.414918842542182
4.063397226753671,14.35330273250785
4.075907422512235,12.030970233772821
4.0884176182708,11.529194620758064
4.100927814029364,12.319016310674622
4.113438009787929,10.308863587881577
4.125948205546493,10.28684950222196
4.138458401305058,13.537373044206635
4.150968597063622,15.739203318077852
4.163478792822186,15.710798268932097
4.175988988580751,13.277482717580243
4.188499184339316,15.622407808584287
4.201009380097879,15.644474754396791
4.213519575856444,15.890271571767256
4.226029771615009,13.948203855428828
4.238539967373573,13.302228028984171
4.251050163132137,13.647518648515275
4.263560358890702,14.310139320933438
4.276070554649266,14.196313221885212
4.288580750407831,15.286827858481255
4.301090946166395,15.876347898837249
4.313601141924959,16.246294132437605
4.326111337683524,14.219259360306722
4.338621533442089,18.46933900554558
4.351131729200652,18.55980059401348
4.363641924959217,17.760597669234603
4.376152120717782,18.056395600109003
4.388662316476346,19.205427124660748
4.40117251223491,18.642474718453887
4.413682707993475,17.386307627178436
4.42619290375204,19.100297325897802
4.438703099510604,19.14395770742734
4.451213295269168,16.1419491708241
4.463723491027733,15.812571729186013
4.476233686786298,20.59669952246652
4.488743882544862,22.598397693129954
4.501254078303426,24.346677711683174
4.513764274061991,21.750108080822006
4.526274469820555,18.90435481549814
4.5387846655791195,19.76679959564474
4.551294861337684,19.373033254376637
4.563805057096248,19.570680879881266
4.576315252854813,21.233592691221187
4.5888254486133775,20.428591691971086
4.601335644371941,18.72564630771178
4.613845840130506,18.972743571859027
4.626356035889071,21.58387302258103
4.638866231647635,22.928805960355994
4.651376427406199,26.131693868557758
4.663886623164764,28.704556015476427
4.676396818923328,24.12582213613182
4.6889070146818925,22.157228035482092
4.701417210440457,22.581922784815543
4.713927406199021,25.227097021842027
4.726437601957586,23.146053439527652
4.7389477977161505,24.02020495127373
4.751457993474714,23.765494127445802
4.763968189233279,23.713315393517416
4.776478384991844,25.14069526211933
4.7889885807504085,24.618085678855607
4.801498776508972,20.259927369799872
4.814008972267537,20.22701775558644
4.826519168026102,19.916234317369536
4.839029363784666,25.942233938745847
4.85153955954323,23.453313246311513
4.864049755301795,25.897176014472812
4.87655995106036,25.631799597064504
4.8890701468189235,24.041713185092775
4.901580342577488,26.439735249973715
4.914090538336053,26.631590599064065
4.926600734094617,27.22698005252897
4.9391109298531815,28.519082847338563
4.951621125611746,28.932545004849025
4.96413132137031,27.327792831459718
4.976641517128875,27.369133244169653
4.989151712887439,28.00348195016528
5.001661908646003,29.31169765329657
5.014172104404568,29.464030696828466
5.026682300163133,27.776313448921087
5.0391924959216965,34.4466039803653
5.051702691680261,32.59132446839594
5.064212887438826,23.852410940295176
5.07672308319739,22.429222585995188
5.0892332789559545,21.063057278792254
5.101743474714519,23.605656890942548
5.114253670473083,31.04026931626566
5.126763866231649,26.984220434601955
5.139274061990212,25.229026580397665
5.151784257748776,24.309345986814655
5.164294453507342,20.816607618390638
5.176804649265906,19.62734518400389
5.1893148450244695,17.35678282239063
5.201825040783035,19.172805225568414
5.214335236541599,30.679786567911858
5.226845432300164,29.396484621775613
5.239355628058728,29.148208373160116
5.251865823817292,25.79774923944494
5.264376019575857,24.906151813264703
5.276886215334422,25.955355552841535
5.289396411092985,25.745169692320847
5.30190660685155,22.810579953000108
5.314416802610115,20.075308956588326
5.326926998368679,21.15365636213543
5.339437194127243,21.249776824628498
5.351947389885808,20.180097733966996
5.364457585644372,21.783657702276894
5.376967781402937,22.826007403225827
5.389477977161501,22.628311082467135
5.401988172920065,21.26603984900143
5.41449836867863,25.540731888850566
5.427008564437195,26.958448212674575
5.439518760195758,21.565651031179343
5.452028955954323,20.19084307038637
5.464539151712888,35.56602416408808
5.477049347471452,34.36240890540148
5.489559543230017,33.7366686412295
5.502069738988581,32.39705231183971
5.514579934747145,26.50793896172147
5.5270901305057105,24.046223218998698
5.539600326264274,24.612850313448572
5.552110522022838,24.604207722212525
5.564620717781404,25.586153855002124
5.577130913539968,28.909067392745484
5.589641109298532,25.658015363263157
5.602151305057097,22.299305958993962
5.614661500815661,23.04757800308178
5.627171696574226,24.3077004088244
5.63968189233279,23.8310161540273
5.652192088091354,22.075359923559844
5.664702283849919,35.22029618325759
5.6772124796084835,30.317016174267067
5.689722675367047,31.283323261289482
5.702232871125612,33.39914510605108
5.714743066884177,34.37225718323404
5.727253262642741,30.267264543708645
5.739763458401305,30.632247648741494
5.75227365415987,32.05425223722311
5.764783849918434,25.56799314129079
5.777294045676999,29.605831750546262
5.789804241435563,35.92463234632837
5.802314437194127,22.47583912887886
5.814824632952692,26.358494467139536
5.8273348287112565,25.496587728725874
5.83984502446982,25.85793506196388
5.852355220228386,28.41242061702449
5.86486541598695,28.353005557810082
5.877375611745514,26.51417625561456
5.889885807504079,27.134474283633992
5.902396003262643,25.627324551358818
5.914906199021207,23.21521506613276
5.9274163947797724,26.653180177781966
5.939926590538336,27.874772875907656
5.952436786296901,27.969446034890243
5.964946982055466,28.81968905132216
5.9774571778140295,22.03330026535431
5.989967373572594,21.579115681026053
6.002477569331159,21.62525838195129
6.014987765089723,20.88134600199397
6.0274979608482875,23.043250644893128
6.040008156606852,22.055030612728086
6.052518352365416,23.151706161934765
6.065028548123981,30.697332398301718
6.0775387438825454,23.08716090515461
6.090048939641109,28.844091788015117
6.102559135399674,30.151008462073797
6.115069331158239,26.90979772248873
6.1275795269168025,26.833531503784638
6.140089722675367,26.95587343363203
6.152599918433932,28.033476832119163
6.165110114192496,27.55545386208147
6.1776203099510605,26.304915182826782
6.190130505709625,23.85051371008512
6.202640701468189,27.949605199328566
6.215150897226755,28.12672292639321
6.2276610929853184,39.713435204246494
6.240171288743882,39.713435204246494
6.252681484502448,39.713435204246494
6.265191680261012,39.713435204246494
6.2777018760195755,39.713435204246494
6.290212071778141,39.62268612117839
6.302722267536705,39.61152731095556
6.31523246329527,39.76410408330111
6.327742659053834,40.25388318199471
6.340252854812398,39.60813123959216
6.352763050570963,39.12495170878645
6.365273246329528,39.06714862862162
6.3777834420880914,39.06714862862162
6.390293637846656,39.413642835289025
6.402803833605221,39.7235634446529
6.415314029363785,38.96727101624456
6.427824225122349,38.98636950861456
6.440334420880914,37.67461981341934
6.452844616639478,37.31337777987259
6.465354812398043,37.587929779263234
6.477865008156607,39.045935420198596
6.490375203915171,39.48858248770702
6.502885399673736,41.801520675766625
6.515395595432301,41.39825925353912
6.5279057911908644,39.29142354886451
6.540415986949429,41.89534026327193
6.552926182707994,42.09494576898361
6.565436378466558,40.908640278152774
6.577946574225123,40.908640278152774
6.590456769983687,40.840848400178906
6.602966965742251,40.1764735603599
6.6154771615008165,39.95018638689424
6.62798735725938,40.1764735603599
6.640497553017944,40.97478425734514
6.65300774877651,45.00440505502085
6.665517944535074,43.35185862397832
6.678028140293638,46.06738035718749
6.690538336052203,46.25916394147835
6.703048531810767,44.168959865109514
6.715558727569332,37.2098902019096
6.728068923327896,35.71631715355734
6.74057911908646,33.488362360697224
6.753089314845025,29.23034240514733
6.7655995106035896,29.13054755017424
6.778109706362153,28.923059489901114
6.790619902120718,29.17352309292451
6.803130097879283,28.948283467029597
6.815640293637847,39.8132149779703
6.828150489396411,42.88892994563292
6.840660685154976,45.86293530323836
6.85317088091354,42.91856470838993
6.865681076672105,42.915610530557416
6.878191272430669,42.21215309679363
6.890701468189233,43.81925629203728
6.903211663947798,42.87423029922785
6.9157218597063626,41.90061942030722
6.928232055464926,42.87423029922785
6.940742251223491,41.64309003218528
6.953252446982056,41.20014586106755
6.9657626427406205,38.52862955851865
6.978272838499184,54.94514272943245
6.990783034257749,40.37139901179929
7.003293230016314,34.883679021543905
7.015803425774878,35.74489767874976
7.028313621533442,39.98311647016181
7.040823817292007,37.0059602328784
7.053334013050571,69.11394461288016
7.0658442088091356,25.4787680430009
7.0783544045677,25.4787680430009
7.090864600326265,25.4787680430009
7.103374796084829,25.4787680430009
7.1158849918433935,25.4787680430009
7.128395187601958,25.4787680430009
7.140905383360522,25.4787680430009
7.153415579119087,42.82806814021041
7.1659257748776515,42.43815491164489
7.178435970636215,43.62671151577863
7.19094616639478,34.49320918688004
7.203456362153345,35.21885853064283
7.2159665579119086,50.862592012865235
7.228476753670473,38.37839138199486
7.240986949429038,38.37839138199486
7.253497145187602,26.839570283512515
7.2660073409461665,26.949171757440777
7.278517536704731,22.019673651732905
7.291027732463296,22.722756271065997
7.30353792822186,28.204989504093145
7.3160481239804245,28.49674965778656
7.328558319738989,24.326618749516385
7.341068515497553,25.338899803120555
7.353578711256118,26.77229512640151
7.366088907014682,31.47810650758832
7.378599102773246,29.787629386211577
7.391109298531811,30.5785152754982
7.403619494290376,30.876465988396173
7.4161296900489395,31.551439896846187
7.428639885807504,31.189545754402786
7.441150081566069,31.189545754402786
7.453660277324634,26.660649537753844
7.4661704730831975,29.595118906795683
7.478680668841762,48.68577030745843
7.491190864600327,50.50024361503955
7.503701060358891,34.59979223169737
7.516211256117455,40.96863789691798
7.52872145187602,38.7104742519221
7.541231647634584,37.67239632358965
7.553741843393149,36.68075072724656
7.566252039151713,34.44288030305317
7.578762234910277,37.480766788274224
7.591272430668842,25.10627662335375
7.603782626427407,23.5670382130217
7.6162928221859705,24.79511479817243
7.628803017944535,24.647855899414804
7.6413132137031,25.756895272530656
7.653823409461665,25.756895272530656
7.666333605220228,46.12101622136013
7.678843800978793,29.901073727478106
7.691353996737358,26.09056763283506
7.703864192495922,32.29899356552935
7.716374388254486,33.469022891864434
7.728884584013051,33.37374407013251
7.741394779771615,27.192993166038214
7.75390497553018,28.11651358435929
7.766415171288744,20.652585494769617
7.778925367047308,22.35589249895741
7.791435562805873,26.4170397236804
7.803945758564438,34.92724721766065
7.816455954323002,34.565535970945085
7.828966150081566,39.50524845875656
7.841476345840131,41.67135758966385
7.853986541598696,29.62013078166213
7.866496737357259,25.776067888744908
7.879006933115824,30.656144265092706
7.891517128874389,28.98503350993974
7.904027324632953,40.903104924751666
7.916537520391517,82.58273716121923
7.929047716150082,62.063396561760364
7.941557911908646,32.83002034570545
7.954068107667211,32.74312960104809
7.966578303425775,26.267386975057427
7.979088499184339,26.39763542605199
7.991598694942904,25.135643490460478
8.004108890701469,23.114846883738707
8.016619086460032,19.51652864655412
8.029129282218598,19.51652864655412
8.041639477977162,19.51652864655412
8.054149673735726,20.038912667696778
8.066659869494291,19.494579371918498
8.079170065252855,24.392220342388146
8.091680261011419,25.97863861344104
8.104190456769985,22.056408520628278
8.116700652528548,23.093944913097335
8.129210848287112,23.093944913097335
8.141721044045678,23.730005908132707
8.154231239804242,23.58072448566192
8.166741435562805,19.9688687766713
8.179251631321371,19.9688687766713
8.191761827079935,19.926411903426356
8.204272022838499,24.924204713655417
8.216782218597064,24.924204713655417
8.229292414355628,19.269562264164293
8.241802610114192,20.44696712121798
8.254312805872758,20.44696712121798
8.266823001631321,20.44696712121798
8.279333197389885,20.44696712121798
8.29184339314845,21.099263293966228
8.304353588907015,21.099263293966228
8.316863784665578,21.099263293966228
8.329373980424144,21.099263293966228
8.341884176182708,21.099263293966228
8.354394371941272,21.953728071296947
8.366904567699837,21.119067961831075
8.379414763458403,20.316308440696478
8.391924959216965,20.698629308911254
8.40443515497553,20.698629308911254
8.416945350734096,20.756792393931725
8.429455546492658,20.756792393931725
8.441965742251224,20.756792393931725
8.45447593800979,20.756792393931725
8.466986133768351,68.17337413448989
8.479496329526917,67.00332492599112
8.492006525285483,24.733786086377826
8.504516721044045,23.62204063494277
8.51702691680261,43.58907634610359
8.529537112561176,43.522780145312495
8.542047308319738,31.45549056938589
8.554557504078304,31.0118123206418
8.567067699836869,20.77759508902959
8.579577895595433,20.77759508902959
8.592088091353997,20.002525219017485
8.604598287112562,26.39681797670601
8.617108482871126,20.265164731560745
8.62961867862969,20.265164731560745
8.642128874388256,20.265164731560745
8.65463907014682,20.265164731560745
8.667149265905383,20.265164731560745
8.679659461663949,32.40315628835984
8.692169657422513,32.40315628835984
8.704679853181077,32.40315628835984
8.717190048939642,28.8420982811668
8.729700244698206,32.30832343395412
8.74221044045677,32.30832343395412
8.754720636215335,28.394782185670387
8.7672308319739,20.62601421061263
8.779741027732463,19.543773854619662
8.792251223491029,24.460204654472353
8.804761419249592,24.460204654472353
8.817271615008156,21.471411391233122
8.829781810766722,24.25456408176129
8.842292006525286,25.87401812919788
8.85480220228385,23.732942206667463
8.867312398042415,18.367175320857996
8.879822593800979,18.367175320857996
8.892332789559543,19.101927343852317
8.904842985318108,24.088628765246888
8.917353181076672,24.088628765246888
8.929863376835236,25.270241444659565
8.942373572593802,25.270241444659565
8.954883768352365,24.41354661457466
8.96739396411093,23.464956445231415
8.979904159869495,28.89753432653564
8.992414355628059,24.245309573494026
9.004924551386623,20.631200939729666
9.017434747145188,20.631200939729666
9.029944942903752,23.002886421035058
9.042455138662316,35.06355507696767
9.054965334420881,42.269992601322
9.067475530179445,41.515143927452016
9.079985725938009,61.0777779492545
9.092495921696575,49.20649623521407
9.10500611745514,60.153818050515
9.117516313213702,36.82289438086655
9.130026508972268,36.82289438086655
9.142536704730833,24.879023861778148
9.155046900489396,25.828748933136612
9.167557096247961,24.942711737938964
9.180067292006527,25.429484123011164
9.192577487765089,28.491837187344235
9.205087683523654,28.491837187344235
9.21759787928222,28.132690253298588
9.230108075040782,28.132690253298588
9.242618270799348,28.132690253298588
9.255128466557913,40.569620739570965
9.267638662316475,40.569620739570965
9.28014885807504,40.569620739570965
9.292659053833606,40.569620739570965
9.30516924959217,40.569620739570965
9.317679445350734,44.2560315748069
9.3301896411093,29.63830301016634
9.342699836867864,61.253067357230165
9.355210032626427,61.253067357230165
9.367720228384993,61.253067357230165
9.380230424143557,47.59916828650479
9.39274061990212,45.47757296641712
9.405250815660686,59.96677645882181
9.41776101141925,60.70609986765549
9.430271207177814,58.09705297481816
9.44278140293638,58.09705297481816
9.455291598694943,58.09705297481816
9.467801794453507,58.09705297481816
9.480311990212073,58.09705297481816
9.492822185970637,58.09705297481816
9.5053323817292,58.09705297481816
9.517842577487766,58.09705297481816
9.53035277324633,58.09705297481816
9.542862969004894,58.09705297481816
9.55537316476346,58.09705297481816
9.567883360522023,58.09705297481816
9.580393556280587,58.09705297481816
9.592903752039152,58.09705297481816
9.605413947797716,60.2501510165828
9.61792414355628,58.09705297481816
9.630434339314846,58.09705297481816
9.64294453507341,58.09705297481816
9.655454730831973,58.09705297481816
9.667964926590539,58.09705297481816
9.680475122349103,58.09705297481816
9.692985318107667,58.09705297481816
9.705495513866232,58.09705297481816
9.718005709624796,58.09705297481816
9.73051590538336,58.09705297481816
9.743026101141925,58.09705297481816
9.75553629690049,58.09705297481816
9.768046492659053,58.09705297481816
9.780556688417619,58.09705297481816
9.793066884176183,58.09705297481816
9.805577079934746,58.09705297481816
9.818087275693312,58.09705297481816
9.830597471451878,57.965307352414534
9.84310766721044,52.64128157044195
9.855617862969005,57.965307352414534
9.86812805872757,57.965307352414534
9.880638254486133,57.965307352414534
9.893148450244698,57.965307352414534
9.905658646003264,57.965307352414534
9.918168841761826,57.965307352414534
9.930679037520392,57.965307352414534
9.943189233278957,57.965307352414534
9.95569942903752,57.965307352414534
9.968209624796085,57.965307352414534
9.98071982055465,57.965307352414534
9.993230016313213,57.965307352414534
10.005740212071778,57.965307352414534
10.018250407830344,57.965307352414534
10.030760603588908,57.965307352414534
10.043270799347471,57.965307352414534
10.055780995106037,57.965307352414534
10.068291190864601,57.965307352414534
10.080801386623165,57.965307352414534
10.09331158238173,57.965307352414534
10.105821778140294,57.965307352414534
10.118331973898858,57.965307352414534
10.130842169657424,57.965307352414534
10.143352365415987,57.965307352414534
10.155862561174551,57.965307352414534
10.168372756933117,57.965307352414534
10.18088295269168,57.965307352414534
10.193393148450244,57.965307352414534
10.20590334420881,57.965307352414534
10.218413539967374,57.965307352414534
10.230923735725938,57.965307352414534
10.243433931484503,57.965307352414534
10.255944127243067,57.965307352414534
10.268454323001631,57.965307352414534
10.280964518760197,57.965307352414534
10.29347471451876,57.965307352414534
10.305984910277324,57.965307352414534
10.31849510603589,57.965307352414534
10.331005301794454,57.965307352414534
10.343515497553017,57.965307352414534
10.356025693311583,57.965307352414534
10.368535889070147,57.965307352414534
10.38104608482871,57.965307352414534
10.393556280587276,57.965307352414534
10.40606647634584,30.73207903161872
10.418576672104404,57.965307352414534
10.43108686786297,41.70322203753761
10.443597063621533,41.53711703978723
10.456107259380097,41.53711703978723
10.468617455138663,29.145945331865647
10.481127650897227,40.967129889014856
10.49363784665579,29.145945331865647
10.506148042414356,48.54541099910279
10.51865823817292,48.54541099910279
10.531168433931484,48.54541099910279
10.54367862969005,48.54541099910279
10.556188825448613,48.54541099910279
10.568699021207177,48.54541099910279
10.581209216965743,48.54541099910279
10.593719412724308,48.54541099910279
10.60622960848287,48.54541099910279
10.618739804241436,48.54541099910279
10.631250000000001,48.54541099910279
10.643760195758563,48.54541099910279
10.656270391517129,48.54541099910279
10.668780587275695,153.62586873662727
10.681290783034257,153.62586873662727
10.693800978792822,153.62586873662727
10.706311174551388,153.62586873662727
10.71882137030995,153.62586873662727
10.731331566068516,153.62586873662727
10.743841761827081,153.62586873662727
10.756351957585645,153.62586873662727
10.768862153344209,153.62586873662727
10.781372349102774,153.62586873662727
10.793882544861338,153.62586873662727
10.806392740619902,153.62586873662727
10.818902936378468,153.62586873662727
10.831413132137031,153.62586873662727
10.843923327895595,153.62586873662727
10.856433523654161,153.62586873662727
10.868943719412725,153.62586873662727
10.881453915171289,153.62586873662727
10.893964110929854,85.39110400300636
10.906474306688418,120.60179665225986
10.918984502446982,120.60179665225986
10.931494698205547,150.11899070751764
10.944004893964111,150.11899070751764
10.956515089722675,146.20432808259565
10.96902528548124,146.20432808259565
10.981535481239804,84.14645081308781
10.994045676998368,84.14645081308781
11.006555872756934,84.14645081308781
11.019066068515498,84.14645081308781
11.031576264274062,84.14645081308781
11.044086460032627,84.14645081308781
11.056596655791191,77.37242389860862
11.069106851549755,77.37242389860862
11.08161704730832,77.37242389860862
11.094127243066884,77.37242389860862
11.106637438825448,77.37242389860862
11.119147634584014,99.37029756716322
11.131657830342577,131.53020634957483
11.144168026101141,110.60407376308162
11.156678221859707,119.34120847964738
11.16918841761827,128.52225891214073
11.181698613376835,128.52225891214073
11.1942088091354,128.52225891214073
11.206719004893964,104.06449420526077
11.21922920065253,113.80497372529929
11.231739396411093,102.43293023633895
11.244249592169657,102.43293023633895
11.256759787928223,102.43293023633895
11.269269983686787,102.43293023633895
11.28178017944535,102.43293023633895
11.294290375203916,102.43293023633895
11.30680057096248,120.78379725595525
11.319310766721044,120.78379725595525
11.33182096247961,98.71366851037132
11.344331158238173,98.71366851037132
11.356841353996737,118.67783254913788
11.369351549755303,118.67783254913788
11.381861745513866,118.67783254913788
11.39437194127243,118.67783254913788
11.406882137030996,118.67783254913788
11.41939233278956,128.22815822316392
11.431902528548123,128.22815822316392
11.444412724306689,83.20313938916576
11.456922920065253,-64.11640914333975
11.469433115823817,-64.11640914333975
11.481943311582382,98.22655224466227
11.494453507340946,33.97130832570342
11.50696370309951,-1.8835017610106175
11.519473898858076,-1.9282009152775448
11.53198409461664,-15.544849255607197
11.544494290375203,-5.540033672245184
11.557004486133769,56.31026724954971
11.569514681892333,25.29151283254898
11.582024877650898,49.480117067426576
11.594535073409462,49.480117067426576
11.607045269168026,26.959459388082266
11.619555464926592,26.959459388082266
11.632065660685155,26.959459388082266
11.64457585644372,26.959459388082266
11.657086052202285,26.959459388082266
11.669596247960849,26.959459388082266
11.682106443719412,26.959459388082266
11.694616639477978,26.959459388082266
11.707126835236542,26.959459388082266
11.719637030995106,26.959459388082266
11.732147226753671,26.959459388082266
11.744657422512235,26.959459388082266
11.757167618270799,26.959459388082266
11.769677814029365,26.959459388082266
11.782188009787928,26.959459388082266
11.794698205546492,26.959459388082266
11.807208401305058,26.959459388082266
11.819718597063622,26.959459388082266
11.832228792822185,26.959459388082266
11.844738988580751,26.959459388082266
11.857249184339315,26.959459388082266
11.869759380097879,26.959459388082266
11.882269575856444,26.959459388082266
11.894779771615008,26.959459388082266
11.907289967373572,26.68922321592552
11.919800163132138,26.68922321592552
11.932310358890701,26.68922321592552
11.944820554649267,26.68922321592552
11.95733075040783,26.68922321592552
11.969840946166395,26.68922321592552
11.98235114192496,26.68922321592552
11.994861337683524,26.68922321592552
12.007371533442088,26.68922321592552
12.019881729200653,26.68922321592552
12.032391924959217,26.68922321592552
12.044902120717781,26.68922321592552
12.057412316476347,26.68922321592552
12.06992251223491,26.68922321592552
12.082432707993474,26.68922321592552
12.09494290375204,26.68922321592552
12.107453099510604,87.56204254782487
12.119963295269168,117.94791736621713
12.132473491027733,138.323069808737
12.144983686786297,138.323069808737
12.15749388254486,105.61050197379839
12.170004078303426,140.1773271277119
12.18251427406199,96.55326564120527
12.195024469820554,114.10048098119093
12.20753466557912,114.10048098119093
12.220044861337684,36.66296940178368
12.232555057096247,36.66296940178368
12.245065252854813,35.13617041075533
12.257575448613377,35.13617041075533
12.27008564437194,35.13617041075533
12.282595840130506,35.13617041075533
12.29510603588907,35.13617041075533
12.307616231647636,35.13617041075533
12.3201264274062,35.13617041075533
12.332636623164763,35.13617041075533
12.345146818923329,35.13617041075533
12.357657014681893,81.36918469631956
12.370167210440457,81.36918469631956
12.382677406199022,81.36918469631956
12.395187601957586,81.36918469631956
12.40769779771615,81.36918469631956
12.420207993474715,81.36918469631956
12.43271818923328,81.36918469631956
12.445228384991843,81.36918469631956
12.457738580750409,89.102158218523
12.470248776508972,89.102158218523
12.482758972267536,89.102158218523
12.495269168026102,89.102158218523
12.507779363784666,89.102158218523
12.52028955954323,89.102158218523
12.532799755301795,89.102158218523
12.545309951060359,89.102158218523
12.557820146818923,89.102158218523
12.570330342577488,85.1836845534257
12.582840538336052,85.1836845534257
12.595350734094616,85.1836845534257
12.607860929853182,87.86819235176205
12.620371125611745,87.86819235176205
12.63288132137031,87.86819235176205
12.645391517128875,87.86819235176205
12.657901712887439,87.86819235176205
12.670411908646004,87.86819235176205
12.682922104404568,87.86819235176205
12.695432300163132,87.86819235176205
12.707942495921698,87.86819235176205
12.720452691680261,87.86819235176205
12.732962887438825,87.86819235176205
12.74547308319739,87.86819235176205
12.757983278955955,87.86819235176205
12.770493474714518,87.86819235176205
12.783003670473084,87.86819235176205
12.795513866231648,87.86819235176205
12.808024061990212,87.86819235176205
12.820534257748777,87.86819235176205
12.833044453507341,87.86819235176205
12.845554649265905,87.86819235176205
12.85806484502447,87.86819235176205
12.870575040783034,87.86819235176205
12.883085236541598,87.86819235176205
12.895595432300164,87.86819235176205
12.908105628058728,87.86819235176205
12.920615823817291,87.86819235176205
12.933126019575857,87.86819235176205
12.94563621533442,87.86819235176205
12.958146411092985,87.86819235176205
12.97065660685155,87.86819235176205
12.983166802610114,87.86819235176205
12.995676998368678,87.86819235176205
13.008187194127244,87.86819235176205
13.020697389885807,87.54462768592265
13.033207585644373,73.63238257575306
13.045717781402937,87.21255568965168
13.0582279771615,87.21187838261568
13.070738172920066,87.21187838261568
13.08324836867863,87.21187838261568
13.095758564437194,87.21187838261568
13.10826876019576,87.21187838261568
13.120778955954323,83.4949741334348
13.133289151712887,83.4949741334348
13.145799347471453,83.4949741334348
13.158309543230017,83.4949741334348
13.17081973898858,83.4949741334348
13.183329934747146,83.4949741334348
13.19584013050571,83.33574536448661
13.208350326264274,83.33574536448661
13.22086052202284,83.33574536448661
13.233370717781403,83.33574536448661
13.245880913539967,83.33574536448661
13.258391109298532,83.33574536448661
13.270901305057096,83.33574536448661
13.28341150081566,83.33574536448661
13.295921696574226,83.33574536448661
13.30843189233279,83.33574536448661
13.320942088091353,83.33574536448661
13.333452283849919,83.33574536448661
13.345962479608483,83.33574536448661
13.358472675367047,83.33574536448661
13.370982871125612,83.33574536448661
13.383493066884176,83.33574536448661
13.396003262642742,83.33574536448661
13.408513458401305,83.33574536448661
13.42102365415987,83.33574536448661
13.433533849918435,83.33574536448661
13.446044045676999,83.33574536448661
13.458554241435563,83.33574536448661
13.471064437194128,87.6187935962648
13.483574632952692,150.29574631937624
13.496084828711256,148.97431731231524
13.508595024469821,148.97431731231524
13.521105220228385,148.97431731231524
13.533615415986949,148.97431731231524
13.546125611745515,147.43100388114456
13.558635807504078,127.35847431282313
13.571146003262642,127.35847431282313
13.583656199021208,127.35847431282313
13.596166394779772,127.35847431282313
13.608676590538336,112.6990027844716
13.621186786296901,97.59696615409348
13.633696982055465,97.59696615409348
13.646207177814029,91.85344856260724
13.658717373572594,84.71354997453517
13.671227569331158,42.5521656877511
13.683737765089722,37.05846036359413
13.696247960848288,38.00447952795201
13.708758156606851,34.23901226659813
13.721268352365415,33.59025513294157
13.733778548123981,31.635599883987293
13.746288743882545,29.949927377477138
13.758798939641109,28.630100839197475
13.771309135399674,24.336781844357844
13.783819331158238,24.336781844357844
13.796329526916804,18.033712096023194
13.808839722675367,18.772951654452264
13.821349918433931,9.486987171974507
13.833860114192497,11.28686640921733
13.84637030995106,9.635617737490358
13.858880505709624,10.951377183538916
13.87139070146819,11.607678022509434
13.883900897226754,10.808030233268033
13.896411092985318,13.58691307976487
13.908921288743883,11.706262788616772
13.921431484502447,10.512083795483909
13.933941680261011,14.130070487521765
13.946451876019577,14.01550727946476
13.95896207177814,8.860272193839716
13.971472267536704,12.92680902267422
13.98398246329527,10.467099571010792
13.996492659053834,7.357258205029467
14.009002854812397,7.591462694148799
14.021513050570963,7.924135521917558
14.034023246329527,11.668490960183354
14.04653344208809,11.359230617029791
14.059043637846656,10.82046278112664
14.07155383360522,12.380421767460374
14.084064029363784,13.33168921597914
14.09657422512235,11.4392724264258
14.109084420880913,12.093921006680986
14.121594616639477,11.739579648880179
14.134104812398043,15.359243355030994
14.146615008156607,11.480178747333033
14.159125203915172,8.353009619519995
14.171635399673736,10.501053419211177
14.1841455954323,8.572097985731022
14.196655791190866,11.084644977831482
14.20916598694943,9.662460582643797
14.221676182707993,3.293669634817169
14.234186378466559,8.402062599683404
14.246696574225123,7.589754206140046
14.259206769983686,3.8871833578470145
14.271716965742252,5.989589141140278
14.284227161500816,7.768489389098682
14.29673735725938,5.151088408496654
14.309247553017945,8.117957419557893
14.321757748776509,7.1022023255070605
14.334267944535073,4.1209148130469835
14.346778140293639,7.692609328768906
14.359288336052202,5.836310894275687
14.371798531810766,4.6223445993078425
14.384308727569332,4.373573552653831
14.396818923327896,9.169889185221482
14.40932911908646,10.3744094069284
14.421839314845025,8.480702893492923
14.434349510603589,8.599106237175276
14.446859706362153,7.980618551503905
14.459369902120718,7.154659888021806
14.471880097879282,7.73418790943836
14.484390293637846,3.7398250274616096
14.496900489396412,8.004589476484835
14.509410685154975,9.158057652335547
14.521920880913541,8.901343311448803
14.534431076672105,8.2302097924552
14.546941272430669,7.403317931088347
14.559451468189234,9.090380601506615
14.571961663947798,12.691113731076271
14.584471859706362,10.793880431458469
14.596982055464927,10.28329429769955
14.609492251223491,12.203383380893209
14.622002446982055,13.03830610532842
14.63451264274062,9.537038940089198
14.647022838499185,9.80947580408514
14.659533034257748,9.313774529938234
14.672043230016314,8.392036860901756
14.684553425774878,9.541355034810303
14.697063621533442,9.624789053884777
14.709573817292007,12.664560102690828
14.722084013050571,14.105403199766162
14.734594208809135,15.586999142028091
14.7471044045677,15.269201797209321
14.759614600326264,14.844853183085906
14.772124796084828,16.722502031081454
14.784634991843394,15.432836750325505
14.797145187601958,16.454205390591017
14.809655383360521,16.84774355859542
14.822165579119087,15.558358135041276
14.83467577487765,17.145662392773303
14.847185970636215,19.81679125939866
14.85969616639478,19.63742845046329
14.872206362153344,19.827329339629085
14.88471655791191,18.21456588692021
14.897226753670473,20.34828219068536
14.909736949429037,22.357452386082894
14.922247145187603,21.70912145677508
14.934757340946167,21.476022842556752
14.94726753670473,20.73734874847449
14.959777732463296,21.100563906324094
14.97228792822186,20.86773017273072
14.984798123980424,19.038438510124212
14.99730831973899,21.77254147446987
15.009818515497553,19.853129357308816
15.022328711256117,18.800295413752796
15.034838907014683,16.11757545163415
15.047349102773246,14.880535139979278
15.05985929853181,20.634226647488614
15.072369494290376,13.528446332301161
15.08487969004894,17.034480671887582
15.097389885807504,16.497369982967165
15.10990008156607,14.142295155304122
15.122410277324633,18.614184867204067
15.134920473083197,14.829385510546867
15.147430668841762,15.304733703747562
15.159940864600326,10.471455112588778
15.17245106035889,4.0313431284634484
15.184961256117456,6.890592807278458
15.19747145187602,7.736232403174658
15.209981647634583,9.617267767071151
15.222491843393149,7.826163180677452
15.235002039151713,10.174788603288334
15.247512234910278,8.691956715513852
15.260022430668842,11.52457014628857
15.272532626427406,10.683857694563676
15.285042822185972,6.707072358917895
15.297553017944535,4.351006302942944
15.3100632137031,5.702112159080487
15.322573409461665,9.060048238001693
15.335083605220229,7.515143410693556
15.347593800978792,7.748963756472593
15.360103996737358,5.440558083124888
15.372614192495922,7.72236652245614
15.385124388254486,6.389824973671029
15.397634584013051,9.966178917555611
15.410144779771615,11.556328112702994
15.422654975530179,6.700023164500438
15.435165171288745,5.837277062075077
15.447675367047308,4.2974069072096475
15.460185562805872,1.6106201674254006
15.472695758564438,5.479236919495883
15.485205954323002,7.12596240201213
15.497716150081565,6.325941427093588
15.510226345840131,4.399058489061575
15.522736541598695,4.505822304975406
15.535246737357259,5.226994382645158
15.547756933115824,7.444035567788326
15.560267128874388,7.646246488197441
15.572777324632952,6.6915307359966505
15.585287520391518,6.825184098864121
15.597797716150081,6.1391308766885935
15.610307911908647,8.086868239284366
15.62281810766721,6.7222280340042175
15.635328303425775,6.879834755366454
15.64783849918434,8.217016521677337
15.660348694942904,7.734029995402411
15.672858890701468,6.6863131627730334
15.685369086460033,6.876244644260255
15.697879282218597,7.438655907803273
15.710389477977161,4.918101535635223
15.722899673735727,5.23896499252024
15.73540986949429,8.601419366202766
15.747920065252854,9.848939671295632
15.76043026101142,11.915935644832482
15.772940456769984,7.447094754747535
15.785450652528548,7.653380404476643
15.797960848287113,6.173411422373957
15.810471044045677,5.539732567570822
15.82298123980424,5.029663903588894
15.835491435562806,7.310697484595252
15.84800163132137,5.395213966131809
15.860511827079934,5.910397310254419
15.8730220228385,8.69216428351345
15.885532218597064,6.497506782458753
15.898042414355627,9.52225008409187
15.910552610114193,8.419024646418235
15.923062805872757,10.902125551601134
15.93557300163132,8.799686943033166
15.948083197389886,6.843112116346821
15.96059339314845,4.976154191891003
15.973103588907016,7.25391440453333
15.98561378466558,7.5241120651589934
15.998123980424143,8.75612091756922
16.01063417618271,8.688027026386191
16.02314437194127,6.893830026377536
16.035654567699837,8.511647120273711
16.048164763458402,5.912374533669777
16.060674959216968,9.405190592401704
16.07318515497553,8.075692535875907
16.085695350734095,7.96058096074945
16.098205546492657,8.7248448336033
16.110715742251223,7.943052910552651
16.12322593800979,10.075463478749606
16.135736133768354,7.098254939355425
16.148246329526916,9.935869260043157
16.160756525285482,7.05528831086475
16.173266721044044,11.36598000511728
16.18577691680261,10.594029908857648
16.198287112561175,5.553587711178201
16.21079730831974,4.002123033725471
16.223307504078303,1.4298216109953301
16.23581769983687,3.457757936383153
16.24832789559543,5.11819292661442
16.260838091353996,4.284463798708499
16.27334828711256,3.6623440399753275
16.285858482871127,3.7548574519242646
16.29836867862969,4.3176110309375595
16.310878874388255,4.803930518583932
16.323389070146817,4.604725936079212
16.335899265905383,4.029217623233953
16.348409461663948,6.622924936595412
16.360919657422514,6.133780720401782
16.37342985318108,3.9411003424753996
16.38594004893964,5.591178984046218
16.398450244698203,5.163732208760645
16.41096044045677,4.046723924635838
16.423470636215335,4.769676057591336
16.4359808319739,3.5731412425529445
16.448491027732466,4.24170671142426
16.461001223491028,3.8519881210623
16.47351141924959,2.7431131163022684
16.486021615008156,3.5945011200374997
16.49853181076672,3.834764640752161
16.511042006525287,4.20235479151129
16.523552202283852,3.4071187799294713
16.536062398042414,6.1174285875042
16.548572593800976,6.908399634774518
16.561082789559542,4.48574212653446
16.573592985318108,7.903099360412706
16.586103181076673,6.75860547062568
16.59861337683524,4.597929132842488
16.6111235725938,4.8725943520614505
16.623633768352363,7.685988621224298
16.63614396411093,7.149649258296072
16.648654159869494,4.826917602881477
16.66116435562806,6.897708470107904
16.673674551386625,7.352145074928235
16.686184747145187,7.317746320440941
16.698694942903753,8.4881051094841
16.711205138662315,8.951828723052524
16.72371533442088,2.472129894965228
16.736225530179446,0.67965403921038
16.748735725938012,0.8475808061099437
16.761245921696574,2.170015005196118
16.77375611745514,-0.41157049026340714
16.7862663132137,2.2671087152424265
16.798776508972267,-0.8925966333169094
16.811286704730833,-2.158263615079702
16.8237969004894,-0.8379087905146655
16.83630709624796,-1.0437598325541122
16.848817292006526,1.561859232773487
16.861327487765088,-2.760774771404461
16.873837683523654,-4.201151963491034
16.88634787928222,-0.12750083276858395
16.898858075040785,-2.59984917053778
16.911368270799347,-4.637984742406077
16.923878466557913,-4.807711831003828
16.936388662316475,-5.032838084466683
16.94889885807504,-5.4517904946095594
16.961409053833606,-3.525913290523265
16.97391924959217,-1.126036614852072
16.986429445350733,-2.2621190907916473
16.9989396411093,-2.4536976143542177
17.01144983686786,0.3754385293625938
17.023960032626427,1.3690211872140394
17.036470228384992,0.898239051239369
17.048980424143558,5.326947500556425
17.061490619902123,-0.7165574703603106
17.074000815660686,-4.549277452494462
17.086511011419248,-2.6656322592488566
17.099021207177813,-4.847300539129852
17.11153140293638,-5.4468455143144
17.124041598694944,-4.167147121665835
17.13655179445351,-3.8751200347771735
17.149061990212072,-1.8476407102089738
17.161572185970634,-4.201961679754745
17.1740823817292,-2.637016042033329
17.186592577487765,-5.532601994247765
17.19910277324633,-5.810307996427865
17.211612969004896,-6.612694301584591
17.22412316476346,-6.280552632672881
17.23663336052202,-6.7943755384070394
17.249143556280586,-5.135957011880714
17.26165375203915,-5.047580303279135
17.274163947797717,-2.006472067889438
17.286674143556283,-2.152709700446019
17.299184339314845,-2.171876605930366
17.311694535073407,-2.197336041497902
17.324204730831973,-2.740884576668815
17.33671492659054,-0.8051138571127475
17.349225122349104,-0.6794499484274308
17.36173531810767,-1.210197722648528
17.37424551386623,-0.9269100703370868
17.386755709624794,0.17191267582310715
17.39926590538336,2.6329517937411664
17.411776101141925,-1.195068265913954
17.42428629690049,-3.2725398822690965
17.436796492659056,-1.8318553697182565
17.449306688417618,-2.0070573737221635
17.461816884176184,0.1525877643932932
17.474327079934746,0.6765798786271209
17.48683727569331,-1.775795896750633
17.499347471451877,-2.815465806500251
17.511857667210442,-4.146479123877919
17.524367862969005,-3.292809513669707
17.53687805872757,-3.57557023498415
17.549388254486132,-2.177223918585757
17.561898450244698,-4.709773285746431
17.574408646003263,-4.8428373000662175
17.58691884176183,-5.475214431303918
17.59942903752039,-4.631271196626652
17.611939233278957,-1.9519363289242868
17.62444942903752,-1.8581717433611509
17.636959624796084,-3.1884301545231306
17.64946982055465,-2.8941710321539067
17.661980016313215,-5.633363285735592
17.674490212071778,-6.263541499486692
17.687000407830343,-6.99259873568802
17.699510603588905,-6.932935722985284
17.71202079934747,-6.23197347749052
17.724530995106036,-3.731981185221661
17.737041190864602,-3.8375220705217763
17.749551386623164,-5.779053614422593
17.76206158238173,-11.067095850703032
17.77457177814029,-13.884534403240256
17.787081973898857,-23.046238124120553
17.799592169657423,-33.309401685643266
17.81210236541599,-32.23741787534616
17.824612561174554,-30.584658479040847
17.837122756933116,-19.734991344857843
17.849632952691678,-12.86051480159173
17.862143148450244,-12.84161616516012
17.87465334420881,-20.472903680636918
17.887163539967375,-27.988349515890377
17.89967373572594,-39.07267328314231
17.912183931484503,-43.11732353123415
17.924694127243065,-48.513462583774505
17.93720432300163,-54.901709052382145
17.949714518760196,-54.901709052382145
17.96222471451876,-54.901709052382145
17.974734910277327,-58.19111711413419
17.98724510603589,-62.22541870017536
17.99975530179445,-62.22541870017536
18.012265497553017,-62.22541870017536
18.024775693311582,-62.22541870017536
18.037285889070148,-62.22541870017536
18.049796084828714,-62.22541870017536
18.062306280587276,-62.22541870017536
18.074816476345838,-62.22541870017536
18.087326672104403,-62.22541870017536
18.09983686786297,-62.22541870017536
18.112347063621534,-16.203997064101742
18.1248572593801,-16.203997064101742
18.137367455138662,-16.203997064101742
18.149877650897224,-16.203997064101742
18.16238784665579,-16.203997064101742
18.174898042414355,-16.203997064101742
18.18740823817292,-6.621388247859563
18.199918433931487,-6.621388247859563
18.21242862969005,-6.621388247859563
18.224938825448614,-6.621388247859563
18.237449021207176,-62.996131965917044
18.249959216965742,-62.996131965917044
18.262469412724307,-62.996131965917044
18.274979608482873,-62.996131965917044
18.287489804241435,-62.996131965917044
18.3,-62.996131965917044
